Changes made at Sat Aug  9 05:58:18 UTC 2025
Changes made at Thu Nov 20 14:24:17 UTC 2025
Changes made at Thu Nov 20 16:23:04 UTC 2025
Changes made at Fri Nov 21 08:24:30 UTC 2025
Changes made at Fri Nov 21 10:18:14 UTC 2025
Changes made at Fri Nov 21 14:16:50 UTC 2025
Changes made at Fri Nov 21 16:21:35 UTC 2025
Changes made at Sat Nov 22 08:20:49 UTC 2025
Changes made at Sat Nov 22 10:16:35 UTC 2025
Changes made at Sat Nov 22 14:14:14 UTC 2025
Changes made at Sat Nov 22 16:19:18 UTC 2025
Changes made at Sun Nov 23 08:21:05 UTC 2025
Changes made at Sun Nov 23 10:16:27 UTC 2025
Changes made at Sun Nov 23 14:14:24 UTC 2025
Changes made at Sun Nov 23 16:19:28 UTC 2025
Changes made at Mon Nov 24 08:25:27 UTC 2025
Changes made at Mon Nov 24 10:20:13 UTC 2025
Changes made at Mon Nov 24 14:17:42 UTC 2025
Changes made at Mon Nov 24 16:19:56 UTC 2025
Changes made at Tue Nov 25 08:24:49 UTC 2025
Changes made at Tue Nov 25 10:20:44 UTC 2025
Changes made at Tue Nov 25 14:18:16 UTC 2025
Changes made at Tue Nov 25 16:23:52 UTC 2025
Changes made at Wed Nov 26 08:24:13 UTC 2025
Changes made at Wed Nov 26 10:20:03 UTC 2025
Changes made at Wed Nov 26 14:18:12 UTC 2025
